Symbol,Closed/Total Vol. (Lots),Entry Price,Avg.Price,PnL,Net PnL,Charges/Swap,Opened,Closed,Order,Status
"S
XAUUSD.tv",0.05/0.05,"5,061.63","5,056.52",25.55,25.55,0.00/0.00,20/02/2026 19:18:44,20/02/2026 19:21:04,#421082424,Closed
"S
XAUUSD.tv",0.04/0.04,"5,065.41","5,065.25",0.64,0.64,0.00/0.00,20/02/2026 19:00:25,20/02/2026 19:00:53,#421075739,Closed
"S
XAUUSD.tv",0.04/0.04,"5,066.10","5,062.68",13.68,13.68,0.00/0.00,20/02/2026 18:34:02,20/02/2026 18:38:09,#421067966,Closed
"B
BTCUSD",0.1/0.1,"67,341.11","67,362.82",2.17,2.17,0.00/0.00,20/02/2026 18:30:38,20/02/2026 18:32:50,#421064936,Closed
"S
XAUUSD.tv",0.04/0.04,"5,056.24","5,050.29",23.8,23.8,0.00/0.00,20/02/2026 18:15:21,20/02/2026 18:16:20,#421058844,Closed
"S
XAUUSD.tv",0.09/0.09,"4,995.17","4,996.84",-15.03,-15.03,0.00/0.00,20/02/2026 05:01:42,20/02/2026 05:02:53,#420777457,Closed
"B
XAUUSD.tv",0.07/0.07,"5,009.57","5,009.74",1.19,1.19,0.00/0.00,19/02/2026 17:52:42,19/02/2026 17:55:26,#420630687,Closed
"B
XAUUSD.tv",0.07/0.07,"5,009.83","5,007.44",-16.73,-16.73,0.00/0.00,19/02/2026 17:52:05,19/02/2026 17:52:13,#420630396,Closed
"B
XAUUSD.tv",0.1/0.1,"4,976.12","4,977.04",9.16,9.16,0.00/0.00,19/02/2026 16:12:36,19/02/2026 16:14:35,#420568228,Closed
"S
XAUUSD.tv",0.04/0.04,"4,976.59","4,981.78",-20.76,-20.76,0.00/0.00,18/02/2026 16:32:30,18/02/2026 16:36:58,#420170228,Closed
"S
XAUUSD.tv",0.05/0.05,"4,868.05","4,872.91",-24.3,-24.3,0.00/0.00,18/02/2026 02:30:47,18/02/2026 02:32:09,#419939883,Closed
"S
BTCUSD",0.2/0.2,"67,695.58","67,685.77",1.95,1.95,0.00/0.00,16/02/2026 18:12:37,16/02/2026 18:17:57,#419403463,Closed
"S
XAUUSD.tv",0.1/0.1,"4,981.24","4,979.70",15.45,15.45,0.00/0.00,16/02/2026 17:57:43,16/02/2026 18:01:18,#419397880,Closed
"S
XAUUSD.tv",0.03/0.03,"4,978.92","4,981.47",-7.65,-7.65,0.00/0.00,16/02/2026 17:51:52,16/02/2026 17:54:37,#419395879,Closed
"S
BTCUSD",0.1/0.1,"67,460.59","67,478.69",-1.81,-1.81,0.00/0.00,16/02/2026 17:38:04,16/02/2026 17:47:32,#419391561,Closed
"S
XAUUSD.tv",0.03/0.03,"4,948.97","4,948.23",2.22,2.22,0.00/0.00,12/02/2026 18:46:10,12/02/2026 18:46:28,#418372273,Closed
"B
XAUUSD.tv",0.01/0.01,"4,940.66","4,927.29",-13.37,-13.37,0.00/0.00,12/02/2026 18:32:53,12/02/2026 18:33:30,#418364232,Closed
"B
XAUUSD.tv",0.02/0.02,"4,935.87","4,936.79",1.84,1.84,0.00/0.00,12/02/2026 18:32:09,12/02/2026 18:32:28,#418363606,Closed
"B
XAUUSD.tv",0.02/0.02,"4,925.93","4,925.78",-0.3,-0.3,0.00/0.00,12/02/2026 18:31:25,12/02/2026 18:31:39,#418362959,Closed
"B
XAUUSD.tv",0.02/0.02,"4,909.23","4,917.79",17.12,17.12,0.00/0.00,12/02/2026 18:30:23,12/02/2026 18:31:06,#418361677,Closed
"B
XAUUSD.tv",0.1/0.1,"4,920.54","4,924.92",43.8,43.8,0.00/0.00,12/02/2026 18:23:13,12/02/2026 18:23:18,#418354472,Closed
"S
XAUUSD.tv",0.1/0.1,"4,909.43","4,915.03",-56,-56,0.00/0.00,12/02/2026 18:22:53,12/02/2026 18:23:01,#418354209,Closed
"S
XAUUSD.tv",0.1/0.1,"4,908.84","4,913.39",-45.5,-45.5,0.00/0.00,12/02/2026 18:22:21,12/02/2026 18:22:27,#418353806,Closed
"S
XAUUSD.tv",0.1/0.1,"4,921.55","4,920.86",6.9,6.9,0.00/0.00,12/02/2026 18:20:51,12/02/2026 18:20:53,#418352295,Closed
"S
XAUUSD.tv",0.1/0.1,"4,927.38","4,929.25",-18.7,-18.7,0.00/0.00,12/02/2026 18:20:33,12/02/2026 18:20:34,#418352040,Closed
"B
XAUUSD.tv",0.1/0.1,"4,937.20","4,940.47",32.7,32.7,0.00/0.00,12/02/2026 18:19:19,12/02/2026 18:19:25,#418350822,Closed
"B
XAUUSD.tv",0.1/0.1,"4,929.06","4,928.20",-8.6,-8.6,0.00/0.00,12/02/2026 18:18:49,12/02/2026 18:18:54,#418350242,Closed
"S
XAUUSD.tv",0.1/0.1,"4,917.44","4,924.40",-69.6,-69.6,0.00/0.00,12/02/2026 18:18:25,12/02/2026 18:18:32,#418349876,Closed
"S
XAUUSD.tv",0.1/0.1,"4,926.15","4,926.63",-4.8,-4.8,0.00/0.00,12/02/2026 18:18:00,12/02/2026 18:18:04,#418349295,Closed
"S
XAUUSD.tv",0.1/0.1,"4,923.36","4,925.18",-18.2,-18.2,0.00/0.00,12/02/2026 18:17:41,12/02/2026 18:17:45,#418348922,Closed
"S
XAUUSD.tv",0.1/0.1,"4,980.40","4,975.24",51.6,51.6,0.00/0.00,12/02/2026 18:14:06,12/02/2026 18:14:08,#418342702,Closed
"S
XAUUSD.tv",0.1/0.1,"4,991.04","4,989.32",17.2,17.2,0.00/0.00,12/02/2026 18:13:36,12/02/2026 18:13:52,#418342064,Closed
"B
XAUUSD.tv",0.05/0.05,"5,070.12","5,067.31",-14.05,-14.05,0.00/0.00,09/02/2026 19:33:24,09/02/2026 19:36:38,#416881680,Closed
"B
XAUUSD.tv",0.05/0.05,"5,070.23","5,068.01",-11.1,-11.1,0.00/0.00,09/02/2026 19:25:33,09/02/2026 19:27:48,#416879918,Closed
"B
XAUUSD.tv",0.05/0.05,"5,063.73","5,064.28",2.73,2.73,0.00/0.00,09/02/2026 19:10:01,09/02/2026 19:12:42,#416875243,Closed
"B
XAUUSD.tv",0.05/0.05,"5,072.43","5,069.22",-16.05,-16.05,0.00/0.00,09/02/2026 19:06:04,09/02/2026 19:06:27,#416873204,Closed
"B
XAUUSD.tv",0.02/0.02,"5,075.43","5,072.80",-5.26,-5.26,0.00/0.00,09/02/2026 18:57:04,09/02/2026 18:59:21,#416868860,Closed
"B
XAUUSD.tv",0.02/0.02,"5,074.04","5,073.48",-1.13,-1.13,0.00/0.00,09/02/2026 18:41:09,09/02/2026 18:56:11,#416862133,Closed
"B
XAUUSD.tv",0.02/0.02,"5,067.66","5,074.21",13.09,13.09,0.00/0.00,09/02/2026 18:09:24,09/02/2026 18:32:22,#416845684,Closed
"B
XAUUSD.tv",0.02/0.02,"5,076.37","5,073.88",-4.98,-4.98,0.00/0.00,09/02/2026 18:31:01,09/02/2026 18:31:24,#416856627,Closed
"B
BTCUSD",0.1/0.1,"69,410.68","69,466.76",5.61,5.61,0.00/0.00,09/02/2026 17:53:37,09/02/2026 17:56:46,#416838423,Closed
"S
BTCUSD",0.03/0.03,"70,798.34","70,842.39",-1.32,-1.32,0.00/0.00,09/02/2026 4:41:09,09/02/2026 5:06:35,#416519448,Closed
"B
BTCUSD",0.05/0.05,"71,377.66","71,291.54",-4.3,-4.3,0.00/0.00,08/02/2026 15:51:20,08/02/2026 16:09:36,#416382601,Closed
"B
BTCUSD",0.2/0.2,"71,335.53","71,343.36",1.56,1.56,0.00/0.00,08/02/2026 15:42:26,08/02/2026 15:43:46,#416382007,Closed
"B
BTCUSD",0.2/0.2,"71,393.76","71,267.35",-25.28,-25.28,0.00/0.00,08/02/2026 15:37:03,08/02/2026 15:38:17,#416381479,Closed
"S
BTCUSD",0.15/0.15,"70,318.30","70,419.31",-15.15,-15.15,0.00/0.00,08/02/2026 12:12:56,08/02/2026 12:16:13,#416365683,Closed
"B
BTCUSD",0.15/0.15,"70,218.57","70,196.28",-3.35,-3.35,0.00/0.00,08/02/2026 11:45:26,08/02/2026 11:51:02,#416364177,Closed
"S
BTCUSD",0.1/0.1,"69,554.31","69,222.69",33.16,33.16,0.00/0.00,07/02/2026 18:08:06,07/02/2026 18:08:30,#416300836,Closed
"S
BTCUSD",0.1/0.1,"69,069.59","69,212.84",-14.32,-14.32,0.00/0.00,07/02/2026 17:53:46,07/02/2026 18:00:24,#416298717,Closed
"B
BTCUSD",0.08/0.08,"68,934.36","68,936.54",0.18,0.18,0.00/0.00,07/02/2026 14:55:20,07/02/2026 14:58:44,#416280065,Closed
"B
BTCUSD",0.08/0.08,"69,067.27","68,959.45",-8.62,-8.62,0.00/0.00,07/02/2026 14:51:58,07/02/2026 14:52:40,#416279517,Closed
"S
XAUUSD.tv",0.02/0.02,"4,864.67","4,864.63",0.08,0.08,0.00/0.00,05/02/2026 20:31:22,05/02/2026 20:31:58,#415577129,Closed
"S
BTCUSD",0.2/0.2,"66,108.89","66,094.52",2.88,2.88,0.00/0.00,05/02/2026 20:16:55,05/02/2026 20:17:42,#415569530,Closed
"S
BTCUSD",0.2/0.2,"66,323.69","66,308.67",3.01,3.01,0.00/0.00,05/02/2026 20:09:18,05/02/2026 20:09:57,#415566198,Closed
"S
ETHUSD",1/1,"1,957.17","1,967.63",-10.46,-10.46,0.00/0.00,05/02/2026 20:06:24,05/02/2026 20:07:16,#415565401,Closed
"S
BTCUSD",0.1/0.1,"66,789.19","66,750.32",3.88,3.88,0.00/0.00,05/02/2026 19:51:55,05/02/2026 19:53:28,#415559352,Closed
"B
BTCUSD",0.02/0.02,"66,888.24","67,246.16",7.16,7.16,0.00/0.00,05/02/2026 19:22:37,05/02/2026 19:26:51,#415544889,Closed
"B
XAUUSD.tv",0.02/0.02,"4,852.82","4,855.62",5.6,5.6,0.00/0.00,05/02/2026 5:13:49,05/02/2026 5:14:20,#415155354,Closed
"B
XAUUSD.tv",0.02/0.02,"4,852.10","4,855.23",6.26,6.26,0.00/0.00,05/02/2026 5:11:02,05/02/2026 5:11:41,#415154404,Closed
"S
XAUUSD.tv",0.01/0.01,"4,832.99","4,844.05",-11.06,-11.06,0.00/0.00,05/02/2026 5:05:23,05/02/2026 5:05:50,#415151796,Closed
"B
XAUUSD.tv",0.02/0.02,"4,847.63","4,839.61",-16.04,-16.04,0.00/0.00,05/02/2026 4:56:44,05/02/2026 4:57:06,#415146287,Closed
"B
XAUUSD.tv",0.01/0.01,"4,918.11","4,910.97",-7.14,-7.14,0.00/0.00,05/02/2026 4:19:19,05/02/2026 4:19:47,#415125404,Closed
"B
XAUUSD.tv",0.02/0.02,"4,943.28","4,940.28",-6,-6,0.00/0.00,05/02/2026 4:08:24,05/02/2026 4:09:12,#415118763,Closed
"B
XAUUSD.tv",0.01/0.01,"4,912.43","4,900.52",-11.91,-11.91,0.00/0.00,04/02/2026 19:36:07,04/02/2026 19:45:54,#414972201,Closed
"B
XAUUSD.tv",0.02/0.02,"4,914.80","4,906.78",-16.04,-16.04,0.00/0.00,04/02/2026 19:21:38,04/02/2026 19:22:12,#414963693,Closed
"B
XAUUSD.tv",0.03/0.03,"4,920.74","4,917.58",-9.49,-9.49,0.00/0.00,04/02/2026 19:15:08,04/02/2026 19:17:44,#414960457,Closed
"B
XAUUSD.tv",0.01/0.01,"4,915.18","4,900.03",-15.15,-15.15,0.00/0.00,04/02/2026 19:05:16,04/02/2026 19:07:07,#414955116,Closed
"B
XAUUSD.tv",0.02/0.02,"4,887.37","4,893.23",11.72,11.72,0.00/0.00,04/02/2026 18:50:37,04/02/2026 19:00:05,#414945633,Closed
"S
XAUUSD.tv",0.02/0.02,"4,917.59","4,898.68",37.83,37.83,0.00/0.00,04/02/2026 18:37:03,04/02/2026 18:46:46,#414936263,Closed
"S
XAUUSD.tv",0.02/0.02,"4,919.09","4,903.26",31.66,31.66,0.00/0.00,04/02/2026 18:17:06,04/02/2026 18:27:02,#414924332,Closed
"S
XAUUSD.tv",0.02/0.02,"4,953.74","4,952.04",3.4,3.4,0.00/0.00,03/02/2026 19:05:06,03/02/2026 19:05:25,#414404243,Closed
"S
XAUUSD.tv",0.02/0.02,"4,951.98","4,949.90",4.16,4.16,0.00/0.00,03/02/2026 19:00:23,03/02/2026 19:00:33,#414401979,Closed
"S
XAUUSD.tv",0.02/0.02,"4,957.44","4,959.47",-4.06,-4.06,0.00/0.00,03/02/2026 18:59:17,03/02/2026 19:00:05,#414401393,Closed
"S
XAUUSD.tv",0.02/0.02,"4,988.98","4,979.79",18.39,18.39,0.00/0.00,03/02/2026 18:40:23,03/02/2026 18:47:14,#414391653,Closed
"S
XAUUSD.tv",0.01/0.01,"4,919.73","4,923.62",-3.89,-3.89,0.00/0.00,03/02/2026 17:46:07,03/02/2026 17:47:34,#414364776,Closed
"S
XAUUSD.tv",0.02/0.02,"4,920.65","4,919.25",2.8,2.8,0.00/0.00,03/02/2026 17:30:31,03/02/2026 17:31:37,#414358400,Closed
"B
XAUUSD.tv",0.01/0.01,"4,837.41","4,828.97",-8.44,-8.44,0.00/0.00,03/02/2026 3:48:23,03/02/2026 3:49:24,#414062930,Closed
"B
XAUUSD.tv",0.01/0.01,"4,841.73","4,832.58",-9.15,-9.15,0.00/0.00,03/02/2026 3:40:14,03/02/2026 3:41:30,#414060923,Closed
"B
BTCUSD",0.05/0.05,"78,862.13","78,665.39",-9.84,-9.84,0.00/0.00,02/02/2026 18:02:59,02/02/2026 18:05:14,#413886565,Closed
"B
BTCUSD",0.05/0.05,"78,863.94","78,756.08",-5.4,-5.4,0.00/0.00,02/02/2026 17:58:14,02/02/2026 17:59:41,#413882993,Closed
"B
BTCUSD",0.05/0.05,"79,044.84","78,878.14",-8.33,-8.33,0.00/0.00,02/02/2026 17:45:52,02/02/2026 17:50:37,#413874140,Closed
"S
XAUUSD.tv",0.01/0.01,"4,741.06","4,747.72",-6.66,-6.66,0.00/0.00,02/02/2026 15:26:14,02/02/2026 15:26:26,#413773421,Closed
"S
XAUUSD.tv",0.01/0.01,"4,762.43","4,760.91",1.52,1.52,0.00/0.00,02/02/2026 15:01:07,02/02/2026 15:01:13,#413757675,Closed
"B
XAUUSD.tv",0.01/0.01,"4,746.15","4,748.02",1.87,1.87,0.00/0.00,02/02/2026 13:17:19,02/02/2026 13:21:14,#413718240,Closed
"B
XAUUSD.tv",0.01/0.01,"4,690.51","4,678.36",-12.15,-12.15,0.00/0.00,02/02/2026 12:40:48,02/02/2026 12:41:22,#413705199,Closed
"B
XAUUSD.tv",0.01/0.01,"4,680.32","4,670.56",-9.76,-9.76,0.00/0.00,02/02/2026 12:29:22,02/02/2026 12:36:54,#413700041,Closed
"B
XAUUSD.tv",0.01/0.01,"4,720.49","4,710.60",-9.89,-9.89,0.00/0.00,02/02/2026 12:08:54,02/02/2026 12:20:21,#413692399,Closed
"B
XAUUSD.tv",0.01/0.01,"4,635.75","4,670.24",34.49,34.49,0.00/0.00,02/02/2026 11:16:58,02/02/2026 11:26:02,#413669305,Closed
"B
XAUUSD.tv",0.01/0.01,"4,633.85","4,635.47",1.62,1.62,0.00/0.00,02/02/2026 11:10:00,02/02/2026 11:10:53,#413666655,Closed
"B
XAUUSD.tv",0.01/0.01,"4,621.11","4,622.10",0.99,0.99,0.00/0.00,02/02/2026 11:03:50,02/02/2026 11:08:14,#413664482,Closed
"S
BTCUSD",0.07/0.07,"78,424.82","78,439.06",-1,-1,0.00/0.00,01/02/2026 13:10:32,01/02/2026 13:14:01,#413317483,Closed
"S
BTCUSD",0.05/0.05,"78,438.82","78,310.54",6.41,6.41,0.00/0.00,01/02/2026 12:54:32,01/02/2026 12:55:38,#413316434,Closed
"S
BTCUSD",0.05/0.05,"78,385.17","78,528.78",-7.18,-7.18,0.00/0.00,01/02/2026 12:44:34,01/02/2026 12:50:05,#413315825,Closed
"S
BTCUSD",0.05/0.05,"80,822.07","80,644.87",8.85,8.85,0.00/0.00,31/01/2026 18:16:16,31/01/2026 18:17:20,#413235506,Closed
"S
BTCUSD",0.05/0.05,"81,334.51","80,960.76",18.7,18.7,0.00/0.00,31/01/2026 18:06:07,31/01/2026 18:17:20,#413233687,Closed
"B
BTCUSD",0.05/0.05,"81,291.20","81,163.89",-6.37,-6.37,0.00/0.00,31/01/2026 17:26:37,31/01/2026 17:28:22,#413230894,Closed
"S
BTCUSD",0.05/0.05,"84,110.62","84,107.61",0.15,0.15,0.00/0.00,29/01/2026 19:56:41,29/01/2026 19:58:45,#412479827,Closed
"S
BTCUSD",0.06/0.06,"85,510.71","85,338.26",10.34,10.34,0.00/0.00,29/01/2026 19:22:12,29/01/2026 19:23:41,#412457469,Closed
"S
XAUUSD.tv",0.01/0.01,"5,264.00","5,260.66",3.34,3.34,0.00/0.00,29/01/2026 18:35:52,29/01/2026 18:36:24,#412428014,Closed
"S
XAUUSD.tv",0.1/0.1,"5,291.58","5,282.76",88.2,88.2,0.00/0.00,29/01/2026 18:34:08,29/01/2026 18:34:38,#412426363,Closed
"S
XAUUSD.tv",0.01/0.01,"5,244.81","5,271.83",-27.02,-27.02,0.00/0.00,29/01/2026 18:23:15,29/01/2026 18:25:03,#412418497,Closed
"B
XAUUSD.tv",0.01/0.01,"5,265.94","5,266.58",0.64,0.64,0.00/0.00,29/01/2026 18:13:49,29/01/2026 18:14:10,#412410965,Closed
"B
XAUUSD.tv",0.1/0.1,"5,251.14","5,253.57",24.3,24.3,0.00/0.00,29/01/2026 18:05:44,29/01/2026 18:05:52,#412404441,Closed
"B
XAUUSD.tv",0.02/0.02,"5,518.20","5,509.43",-17.54,-17.54,0.00/0.00,29/01/2026 12:18:00,29/01/2026 12:20:57,#412161238,Closed
"B
XAUUSD.tv",0.02/0.02,"5,517.65","5,515.31",-4.68,-4.68,0.00/0.00,29/01/2026 12:16:21,29/01/2026 12:17:08,#412160678,Closed
"B
XAUUSD.tv",0.01/0.01,"5,515.09","5,523.45",8.36,8.36,0.00/0.00,29/01/2026 12:11:26,29/01/2026 12:15:43,#412158486,Closed
"B
XAUUSD.tv",0.01/0.01,"5,517.61","5,511.41",-6.2,-6.2,0.00/0.00,29/01/2026 11:47:30,29/01/2026 11:58:03,#412149725,Closed
"B
XAUUSD.tv",0.01/0.01,"5,509.94","5,511.78",1.84,1.84,0.00/0.00,29/01/2026 11:11:08,29/01/2026 11:58:01,#412137468,Closed
"B
XAUUSD.tv",0.01/0.01,"5,524.97","5,517.40",-7.57,-7.57,0.00/0.00,29/01/2026 11:44:59,29/01/2026 11:47:02,#412148682,Closed
"S
XAUUSD.tv",0.01/0.01,"5,547.96","5,557.69",-9.73,-9.73,0.00/0.00,29/01/2026 09:30:49,29/01/2026 09:36:06,#412091315,Closed
"S
XAUUSD.tv",0.02/0.02,"5,580.63","5,585.96",-10.66,-10.66,0.00/0.00,29/01/2026 08:38:03,29/01/2026 08:43:48,#412073745,Closed
"S
XAUUSD.tv",0.01/0.01,"5,296.38","5,298.72",-2.34,-2.34,0.00/0.00,28/01/2026 19:22:00,28/01/2026 19:22:18,#411767232,Closed
"B
XAUUSD.tv",0.01/0.01,"5,293.78","5,295.97",2.19,2.19,0.00/0.00,28/01/2026 18:56:28,28/01/2026 18:57:16,#411758393,Closed
"B
XAUUSD.tv",0.01/0.01,"5,282.23","5,291.16",8.93,8.93,0.00/0.00,28/01/2026 18:42:13,28/01/2026 18:47:32,#411752749,Closed
"S
XAUUSD.tv",0.01/0.01,"5,279.35","5,279.96",-0.61,-0.61,0.00/0.00,28/01/2026 18:05:13,28/01/2026 18:05:37,#411738421,Closed
"S
BTCUSD",0.02/0.02,"89,402.14","89,585.66",-3.67,-3.67,0.00/0.00,28/01/2026 17:52:16,28/01/2026 17:55:15,#411732886,Closed
"B
XAUUSD.tv",0.01/0.01,"5,279.02","5,280.67",1.65,1.65,0.00/0.00,28/01/2026 17:40:59,28/01/2026 17:44:19,#411727091,Closed
"S
XAUUSD.tv",0.01/0.01,"5,272.32","5,276.89",-4.57,-4.57,0.00/0.00,28/01/2026 09:12:26,28/01/2026 09:16:33,#411478262,Closed
"B
XAUUSD.tv",0.01/0.01,"5,259.39","5,262.26",2.87,2.87,0.00/0.00,28/01/2026 08:48:04,28/01/2026 08:49:59,#411470480,Closed
"B
XAUUSD.tv",0.01/0.01,"5,089.58","5,086.34",-3.24,-3.24,0.00/0.00,27/01/2026 18:43:20,27/01/2026 18:43:31,#411240210,Closed
"S
BTCUSD",0.05/0.05,"87,655.69","87,696.88",-2.06,-2.06,0.00/0.00,27/01/2026 17:31:59,27/01/2026 17:32:03,#411210104,Closed
"B
XAUUSD.tv",0.02/0.02,"5,080.81","5,078.00",-5.62,-5.62,0.00/0.00,27/01/2026 13:47:23,27/01/2026 13:48:22,#411063354,Closed
"S
XAUUSD.tv",0.01/0.01,"5,081.31","5,085.82",-4.51,-4.51,0.00/0.00,27/01/2026 07:56:05,27/01/2026 08:01:04,#410982137,Closed
"B
XAUUSD.tv",0.01/0.01,"5,046.05","5,046.33",0.28,0.28,0.00/0.00,27/01/2026 01:19:16,27/01/2026 02:23:08,#410898616,Closed
"B
XAUUSD.tv",0.01/0.01,"5,092.60","5,095.85",3.25,3.25,0.00/0.00,26/01/2026 19:37:22,26/01/2026 19:41:14,#410795512,Closed
"B
XAUUSD.tv",0.01/0.01,"5,085.71","5,087.64",1.93,1.93,0.00/0.00,26/01/2026 19:27:26,26/01/2026 19:30:11,#410791484,Closed
"B
XAUUSD.tv",0.01/0.01,"5,093.78","5,088.06",-5.72,-5.72,0.00/0.00,26/01/2026 19:20:41,26/01/2026 19:24:02,#410788720,Closed
"S
XAUUSD.tv",0.02/0.02,"5,078.11","5,073.40",9.43,9.43,0.00/0.00,26/01/2026 18:38:04,26/01/2026 18:41:00,#410771556,Closed
"S
XAUUSD.tv",0.03/0.03,"5,075.87","5,074.94",2.79,2.79,0.00/0.00,26/01/2026 18:36:23,26/01/2026 18:36:55,#410771040,Closed
"B
XAUUSD.tv",0.03/0.03,"5,074.46","5,074.93",1.41,1.41,0.00/0.00,26/01/2026 18:32:35,26/01/2026 18:33:03,#410769212,Closed
"S
XAUUSD.tv",0.02/0.02,"5,084.43","5,086.68",-4.5,-4.5,0.00/0.00,26/01/2026 12:11:35,26/01/2026 12:12:51,#410611521,Closed
"S
XAUUSD.tv",0.03/0.03,"5,082.06","5,082.08",-0.05,-0.05,0.00/0.00,26/01/2026 12:01:27,26/01/2026 12:03:26,#410608343,Closed
"S
XAUUSD.tv",0.02/0.02,"5,096.37","5,090.19",12.36,12.36,0.00/0.00,26/01/2026 11:37:35,26/01/2026 11:40:47,#410597674,Closed
"B
XAUUSD.tv",0.02/0.02,"5,067.48","5,061.33",-12.3,-12.3,0.00/0.00,26/01/2026 06:39:59,26/01/2026 06:45:38,#410507022,Closed
"B
BTCUSD",0.1/0.1,"90,332.68","90,162.63",-17.01,-17.01,0.00/0.00,23/01/2026 18:41:34,23/01/2026 18:42:24,#410186505,Closed
"S
XAUUSD.tv",0.03/0.03,"4,980.32","4,981.58",-3.78,-3.78,0.00/0.00,23/01/2026 18:39:33,23/01/2026 18:40:01,#410185704,Closed
"S
XAUUSD.tv",0.03/0.03,"4,982.71","4,981.63",3.24,3.24,0.00/0.00,23/01/2026 18:33:38,23/01/2026 18:34:16,#410182412,Closed
"B
XAUUSD.tv",0.03/0.03,"4,981.78","4,983.84",6.19,6.19,0.00/0.00,23/01/2026 18:25:21,23/01/2026 18:28:58,#410177280,Closed
"B
XAUUSD.tv",0.03/0.03,"4,973.00","4,976.01",9.03,9.03,0.00/0.00,23/01/2026 18:13:26,23/01/2026 18:17:31,#410171466,Closed
"B
XAUUSD.tv",0.01/0.01,"4,945.29","4,949.21",3.92,3.92,0.00/0.00,23/01/2026 17:20:59,23/01/2026 17:30:42,#410144965,Closed
"B
XAUUSD.tv",0.05/0.05,"4,945.50","4,946.20",3.5,3.5,0.00/0.00,23/01/2026 17:30:03,23/01/2026 17:30:22,#410148952,Closed
"B
XAGUSD.tv",0.01/0.01,99.47,99.52,2.2,2.2,0.00/0.00,23/01/2026 15:15:52,23/01/2026 15:16:15,#410079677,Closed
"S
XAUUSD.tv",0.01/0.01,"4,911.18","4,910.67",0.51,0.51,0.00/0.00,23/01/2026 11:32:55,23/01/2026 11:33:49,#410014732,Closed
"B
XAUUSD.tv",0.05/0.05,"4,939.88","4,935.43",-22.25,-22.25,0.00/0.00,23/01/2026 10:19:54,23/01/2026 10:20:34,#409974172,Closed
"B
XAUUSD.tv",0.2/0.2,"4,952.09","4,952.29",4,4,0.00/0.00,23/01/2026 08:31:52,23/01/2026 08:31:59,#409943989,Closed
"B
XAUUSD.tv",0.2/0.2,"4,954.58","4,954.68",2,2,0.00/0.00,23/01/2026 08:30:48,23/01/2026 08:30:55,#409943723,Closed
"S
XAUUSD.tv",0.05/0.05,"4,958.32","4,960.18",-9.3,-9.3,0.00/0.00,23/01/2026 07:25:03,23/01/2026 07:30:23,#409930286,Closed
"B
XAUUSD.tv",0.1/0.1,"4,943.36","4,939.98",-33.8,-33.8,0.00/0.00,23/01/2026 05:25:48,23/01/2026 05:26:36,#409916868,Closed
"B
XAUUSD.tv",0.1/0.1,"4,944.46","4,943.48",-9.8,-9.8,0.00/0.00,23/01/2026 05:24:10,23/01/2026 05:24:36,#409916510,Closed
"B
XAUUSD.tv",0.1/0.1,"4,945.21","4,945.57",3.6,3.6,0.00/0.00,23/01/2026 05:23:11,23/01/2026 05:23:20,#409916243,Closed
"B
XAUUSD.tv",0.01/0.01,"4,957.30","4,951.33",-5.97,-5.97,0.00/0.00,23/01/2026 05:05:21,23/01/2026 05:16:54,#409912671,Closed
"B
XAUUSD.tv",0.01/0.01,"4,953.29","4,955.83",2.54,2.54,0.00/0.00,23/01/2026 04:03:53,23/01/2026 04:59:38,#409904129,Closed
"B
XAUUSD.tv",0.01/0.01,"4,952.30","4,953.58",1.28,1.28,0.00/0.00,23/01/2026 03:16:54,23/01/2026 03:59:11,#409894620,Closed
"B
XAUUSD.tv",0.1/0.1,"4,946.83","4,947.47",6.4,6.4,0.00/0.00,23/01/2026 03:11:43,23/01/2026 03:12:51,#409893220,Closed
"B
XAUUSD.tv",0.1/0.1,"4,940.85","4,941.57",7.2,7.2,0.00/0.00,23/01/2026 03:06:06,23/01/2026 03:06:10,#409891581,Closed
"B
XAUUSD.tv",0.1/0.1,"4,944.85","4,941.29",-35.6,-35.6,0.00/0.00,23/01/2026 03:05:14,23/01/2026 03:05:53,#409891299,Closed
"B
XAUUSD.tv",0.1/0.1,"4,958.99","4,962.97",39.8,39.8,0.00/0.00,23/01/2026 03:00:13,23/01/2026 03:00:33,#409887159,Closed
"B
BTCUSD",0.07/0.07,"89,405.21","89,191.26",-14.97,-14.97,0.00/0.00,22/01/2026 19:20:57,22/01/2026 19:25:49,#409778935,Closed
"B
XAUUSD.tv",0.02/0.02,"4,876.21","4,871.52",-9.38,-9.38,0.00/0.00,22/01/2026 18:10:45,22/01/2026 18:16:16,#409750702,Closed
"B
XAUUSD.tv",0.02/0.02,"4,873.00","4,868.05",-9.9,-9.9,0.00/0.00,22/01/2026 18:04:21,22/01/2026 18:07:40,#409747858,Closed
"B
XAUUSD.tv",0.04/0.04,"4,870.85","4,873.08",8.9,8.9,0.00/0.00,22/01/2026 17:52:56,22/01/2026 18:00:34,#409741915,Closed
"B
XAUUSD.tv",0.04/0.04,"4,869.70","4,870.40",2.8,2.8,0.00/0.00,22/01/2026 17:52:10,22/01/2026 17:52:30,#409741125,Closed
"B
BTCUSD",0.1/0.1,"89,015.47","89,153.43",13.79,13.79,0.00/0.00,22/01/2026 17:43:50,22/01/2026 17:44:55,#409736868,Closed
"B
XAUUSD.tv",0.01/0.01,"4,831.60","4,831.76",0.16,0.16,0.00/0.00,22/01/2026 14:37:06,22/01/2026 14:37:46,#409631359,Closed
"B
USOUSD.tv",0.05/0.05,59.87,59.69,-8.7,-8.7,0.00/0.00,22/01/2026 13:52:19,22/01/2026 14:09:12,#409618365,Closed
"B
XAUUSD.tv",0.5/0.5,"4,822.25","4,822.14",-5.5,-5.5,0.00/0.00,22/01/2026 12:10:22,22/01/2026 12:11:06,#409594752,Closed
"B
XAUUSD.tv",0.08/0.08,"4,815.39","4,817.80",19.28,19.28,0.00/0.00,22/01/2026 11:44:34,22/01/2026 11:45:32,#409588597,Closed
"B
XAUUSD.tv",0.1/0.1,"4,824.41","4,826.21",18,18,0.00/0.00,22/01/2026 10:39:20,22/01/2026 10:39:48,#409569568,Closed